{"B2":-1911.181274584088,"B2_hs":8578.642339402528,"B2_reduced":-0.22278365258402824,"sigma":16.0,"kD":0.07914999947948435}
